gpus,N,T,usr_htod_memcpy_time,usr_dtoh_memcpy_time,usr_kernel_time,dep_res_creation_time,dep_res_copy_time,arg_acc_time,lin_time,node,blocksize
1,61440,1,0.000870818,0.000490671,0.376314,N/A,N/A,N/A,N/A,victoria,1024
1,61440,1,0.00169405,0.000659848,0.392777,N/A,N/A,N/A,N/A,victoria,1024
1,61440,1,0.0017024,0.000637117,0.384819,N/A,N/A,N/A,N/A,victoria,1024
1,62464,1,0.000874481,0.000527006,0.384545,N/A,N/A,N/A,N/A,victoria,1024
1,62464,1,0.00171876,0.000675915,0.394504,N/A,N/A,N/A,N/A,victoria,1024
1,62464,1,0.00173506,0.000704895,0.377852,N/A,N/A,N/A,N/A,victoria,1024
1,63488,1,0.00163217,0.000544549,0.403154,N/A,N/A,N/A,N/A,victoria,1024
1,63488,1,0.00176734,0.000763942,0.397271,N/A,N/A,N/A,N/A,victoria,1024
1,63488,1,0.00181316,0.000652204,0.396493,N/A,N/A,N/A,N/A,victoria,1024
1,64512,1,0.000896788,0.000517689,0.397111,N/A,N/A,N/A,N/A,victoria,1024
1,64512,1,0.000908549,0.000505785,0.389642,N/A,N/A,N/A,N/A,victoria,1024
1,64512,1,0.00173657,0.000684433,0.406067,N/A,N/A,N/A,N/A,victoria,1024
1,65536,1,0.000911987,0.000572901,0.409134,N/A,N/A,N/A,N/A,victoria,1024
1,65536,1,0.00181664,0.000717044,0.39824,N/A,N/A,N/A,N/A,victoria,1024
1,65536,1,0.00182615,0.000688162,0.40944,N/A,N/A,N/A,N/A,victoria,1024
1,66560,1,0.00172411,0.000583526,0.409822,N/A,N/A,N/A,N/A,victoria,1024
1,66560,1,0.00184004,0.000690593,0.405503,N/A,N/A,N/A,N/A,victoria,1024
1,66560,1,0.00185721,0.000694991,0.427554,N/A,N/A,N/A,N/A,victoria,1024
1,67584,1,0.000936212,0.000532186,0.41232,N/A,N/A,N/A,N/A,victoria,1024
1,67584,1,0.00188878,0.000597312,0.427976,N/A,N/A,N/A,N/A,victoria,1024
1,67584,1,0.00189489,0.000705231,0.412034,N/A,N/A,N/A,N/A,victoria,1024
1,68608,1,0.00188686,0.000728797,0.420861,N/A,N/A,N/A,N/A,victoria,1024
1,68608,1,0.00191911,0.000715921,0.426593,N/A,N/A,N/A,N/A,victoria,1024
1,68608,1,0.0019563,0.000785789,0.419059,N/A,N/A,N/A,N/A,victoria,1024
1,69632,1,0.000963151,0.000571454,0.420701,N/A,N/A,N/A,N/A,victoria,1024
1,69632,1,0.00192194,0.00154612,0.426445,N/A,N/A,N/A,N/A,victoria,1024
1,69632,1,0.00196259,0.000782402,0.439971,N/A,N/A,N/A,N/A,victoria,1024
1,70656,1,0.00194027,0.00075531,0.435641,N/A,N/A,N/A,N/A,victoria,1024
1,70656,1,0.00195067,0.000726551,0.430916,N/A,N/A,N/A,N/A,victoria,1024
1,70656,1,0.0019699,0.000611982,0.43019,N/A,N/A,N/A,N/A,victoria,1024
1,71680,1,0.00197671,0.000727823,0.436133,N/A,N/A,N/A,N/A,victoria,1024
1,71680,1,0.00200206,0.000734931,0.41902,N/A,N/A,N/A,N/A,victoria,1024
1,71680,1,0.00201741,0.000739387,0.435812,N/A,N/A,N/A,N/A,victoria,1024
1,72704,1,0.00101384,0.000587625,0.453587,N/A,N/A,N/A,N/A,victoria,1024
1,72704,1,0.00124288,0.000386606,0.447673,N/A,N/A,N/A,N/A,victoria,1024
1,72704,1,0.00198764,0.000727535,0.437024,N/A,N/A,N/A,N/A,victoria,1024
1,73728,1,0.00186378,0.000760552,0.444646,N/A,N/A,N/A,N/A,victoria,1024
1,73728,1,0.00199942,0.000797527,0.45226,N/A,N/A,N/A,N/A,victoria,1024
1,73728,1,0.00205011,0.000759338,0.467571,N/A,N/A,N/A,N/A,victoria,1024
1,74752,1,0.00186226,0.000746701,0.449167,N/A,N/A,N/A,N/A,victoria,1024
1,74752,1,0.00188476,0.000602641,0.473798,N/A,N/A,N/A,N/A,victoria,1024
1,74752,1,0.00201286,0.000831964,0.460463,N/A,N/A,N/A,N/A,victoria,1024
1,75776,1,0.00192332,0.000644947,0.463271,N/A,N/A,N/A,N/A,victoria,1024
1,75776,1,0.00193407,0.000821972,0.457474,N/A,N/A,N/A,N/A,victoria,1024
1,75776,1,0.00195122,0.00258824,0.454228,N/A,N/A,N/A,N/A,victoria,1024
1,76800,1,0.00211295,0.00073797,0.460784,N/A,N/A,N/A,N/A,victoria,1024
1,76800,1,0.00214904,0.00077896,0.486922,N/A,N/A,N/A,N/A,victoria,1024
1,76800,1,0.00218717,0.000767831,0.473783,N/A,N/A,N/A,N/A,victoria,1024
1,77824,1,0.00211911,0.000806821,0.486589,N/A,N/A,N/A,N/A,victoria,1024
1,77824,1,0.0021536,0.000830834,0.474325,N/A,N/A,N/A,N/A,victoria,1024
1,77824,1,0.00218963,0.000830974,0.475046,N/A,N/A,N/A,N/A,victoria,1024
1,78848,1,0.00108218,0.000622691,0.488627,N/A,N/A,N/A,N/A,victoria,1024
1,78848,1,0.00216496,0.000793895,0.480916,N/A,N/A,N/A,N/A,victoria,1024
1,78848,1,0.00217135,0.000809188,0.494881,N/A,N/A,N/A,N/A,victoria,1024
1,79872,1,0.00199025,0.000784914,0.48597,N/A,N/A,N/A,N/A,victoria,1024
1,79872,1,0.00204129,0.000679071,0.504029,N/A,N/A,N/A,N/A,victoria,1024
1,79872,1,0.0022002,0.000859858,0.480475,N/A,N/A,N/A,N/A,victoria,1024
1,80896,1,0.00203762,0.000675801,0.586528,N/A,N/A,N/A,N/A,victoria,1024
1,80896,1,0.00222289,0.000772833,0.583506,N/A,N/A,N/A,N/A,victoria,1024
1,80896,1,0.00223422,0.000898488,0.584116,N/A,N/A,N/A,N/A,victoria,1024
1,81920,1,0.00203518,0.000681851,0.61878,N/A,N/A,N/A,N/A,victoria,1024
1,81920,1,0.00225695,0.00081138,0.609793,N/A,N/A,N/A,N/A,victoria,1024
1,81920,1,0.00226216,0.000804613,0.633794,N/A,N/A,N/A,N/A,victoria,1024
1,82944,1,0.001127,0.000610256,0.636307,N/A,N/A,N/A,N/A,victoria,1024
1,82944,1,0.0022642,0.000819973,0.634952,N/A,N/A,N/A,N/A,victoria,1024
1,82944,1,0.00230215,0.00170166,0.624164,N/A,N/A,N/A,N/A,victoria,1024
1,83968,1,0.00211096,0.000863937,0.649545,N/A,N/A,N/A,N/A,victoria,1024
1,83968,1,0.00227518,0.000863018,0.636957,N/A,N/A,N/A,N/A,victoria,1024
1,83968,1,0.00232281,0.000876304,0.658482,N/A,N/A,N/A,N/A,victoria,1024
1,84992,1,0.00116078,0.000636906,0.639517,N/A,N/A,N/A,N/A,victoria,1024
1,84992,1,0.00233197,0.000845738,0.664284,N/A,N/A,N/A,N/A,victoria,1024
1,84992,1,0.00237724,0.000811801,0.659064,N/A,N/A,N/A,N/A,victoria,1024
1,86016,1,0.00234206,0.000795201,0.635168,N/A,N/A,N/A,N/A,victoria,1024
1,86016,1,0.00235324,0.00084184,0.670481,N/A,N/A,N/A,N/A,victoria,1024
1,86016,1,0.0023672,0.00086021,0.641635,N/A,N/A,N/A,N/A,victoria,1024
1,87040,1,0.00118925,0.000666853,0.674792,N/A,N/A,N/A,N/A,victoria,1024
1,87040,1,0.00242265,0.000912368,0.665883,N/A,N/A,N/A,N/A,victoria,1024
1,87040,1,0.00245721,0.0008428,0.65634,N/A,N/A,N/A,N/A,victoria,1024
1,88064,1,0.00120037,0.000665827,0.652699,N/A,N/A,N/A,N/A,victoria,1024
1,88064,1,0.00121219,0.000693192,0.665924,N/A,N/A,N/A,N/A,victoria,1024
1,88064,1,0.00240533,0.000837734,0.685334,N/A,N/A,N/A,N/A,victoria,1024
1,89088,1,0.00109259,0.000409373,0.664002,N/A,N/A,N/A,N/A,victoria,1024
1,89088,1,0.0024091,0.000899706,0.650532,N/A,N/A,N/A,N/A,victoria,1024
1,89088,1,0.00245527,0.000902444,0.677851,N/A,N/A,N/A,N/A,victoria,1024
1,90112,1,0.00224212,0.0011894,0.685114,N/A,N/A,N/A,N/A,victoria,1024
1,90112,1,0.00245205,0.0010009,0.683755,N/A,N/A,N/A,N/A,victoria,1024
1,90112,1,0.00247202,0.000926607,0.686597,N/A,N/A,N/A,N/A,victoria,1024
1,91136,1,0.00123765,0.00066087,0.707562,N/A,N/A,N/A,N/A,victoria,1024
1,91136,1,0.00124176,0.000652151,0.692985,N/A,N/A,N/A,N/A,victoria,1024
1,91136,1,0.002284,0.000921857,0.694245,N/A,N/A,N/A,N/A,victoria,1024
1,92160,1,0.00229267,0.000756916,0.709216,N/A,N/A,N/A,N/A,victoria,1024
1,92160,1,0.00251807,0.000992605,0.71312,N/A,N/A,N/A,N/A,victoria,1024
1,92160,1,0.00252759,0.000918379,0.680046,N/A,N/A,N/A,N/A,victoria,1024
1,93184,1,0.00125518,0.000696485,0.707919,N/A,N/A,N/A,N/A,victoria,1024
1,93184,1,0.00253149,0.000879164,0.718422,N/A,N/A,N/A,N/A,victoria,1024
1,93184,1,0.00254563,0.000912124,0.693212,N/A,N/A,N/A,N/A,victoria,1024
1,94208,1,0.00251525,0.000926277,0.718025,N/A,N/A,N/A,N/A,victoria,1024
1,94208,1,0.0025641,0.00094808,0.732647,N/A,N/A,N/A,N/A,victoria,1024
1,94208,1,0.00257565,0.000932012,0.72995,N/A,N/A,N/A,N/A,victoria,1024
1,95232,1,0.00246167,0.000899639,0.706458,N/A,N/A,N/A,N/A,victoria,1024
1,95232,1,0.00260591,0.000893695,0.717238,N/A,N/A,N/A,N/A,victoria,1024
1,95232,1,0.00265357,0.0009012,0.71037,N/A,N/A,N/A,N/A,victoria,1024
1,96256,1,0.00241036,0.000916323,0.716853,N/A,N/A,N/A,N/A,victoria,1024
1,96256,1,0.00262654,0.00101085,0.730427,N/A,N/A,N/A,N/A,victoria,1024
1,96256,1,0.00263656,0.000886769,0.719095,N/A,N/A,N/A,N/A,victoria,1024
1,97280,1,0.00131624,0.000687901,0.753522,N/A,N/A,N/A,N/A,victoria,1024
1,97280,1,0.00262499,0.000912361,0.7382,N/A,N/A,N/A,N/A,victoria,1024
1,97280,1,0.00265591,0.000893745,0.702847,N/A,N/A,N/A,N/A,victoria,1024
1,98304,1,0.00266669,0.000998396,0.749365,N/A,N/A,N/A,N/A,victoria,1024
1,98304,1,0.00270614,0.000928503,0.720374,N/A,N/A,N/A,N/A,victoria,1024
1,98304,1,0.0027284,0.000911496,0.726396,N/A,N/A,N/A,N/A,victoria,1024
1,99328,1,0.00111519,0.000703947,0.747343,N/A,N/A,N/A,N/A,victoria,1024
1,99328,1,0.00133815,0.000709955,0.757793,N/A,N/A,N/A,N/A,victoria,1024
1,99328,1,0.00272849,0.000932834,0.751081,N/A,N/A,N/A,N/A,victoria,1024
1,100352,1,0.00272953,0.00093769,0.768489,N/A,N/A,N/A,N/A,victoria,1024
1,100352,1,0.00273562,0.000952976,0.778726,N/A,N/A,N/A,N/A,victoria,1024
1,100352,1,0.00276071,0.000935521,0.764683,N/A,N/A,N/A,N/A,victoria,1024
1,101376,1,0.00112342,0.000759866,0.749112,N/A,N/A,N/A,N/A,victoria,1024
1,101376,1,0.00278187,0.000949944,0.778541,N/A,N/A,N/A,N/A,victoria,1024
1,101376,1,0.00280653,0.00101746,0.767572,N/A,N/A,N/A,N/A,victoria,1024
1,102400,1,0.00275376,0.000962379,0.740839,N/A,N/A,N/A,N/A,victoria,1024
1,102400,1,0.00277112,0.00104772,0.756351,N/A,N/A,N/A,N/A,victoria,1024
1,102400,1,0.00281498,0.00100319,0.78962,N/A,N/A,N/A,N/A,victoria,1024
1,103424,1,0.00139663,0.000731958,0.773646,N/A,N/A,N/A,N/A,victoria,1024
1,103424,1,0.0025397,0.000972292,0.784014,N/A,N/A,N/A,N/A,victoria,1024
1,103424,1,0.00280616,0.0010403,0.75269,N/A,N/A,N/A,N/A,victoria,1024
1,104448,1,0.00257168,0.000832261,0.79407,N/A,N/A,N/A,N/A,victoria,1024
1,104448,1,0.00283684,0.000968475,0.800744,N/A,N/A,N/A,N/A,victoria,1024
1,104448,1,0.00304973,0.00139436,0.762151,N/A,N/A,N/A,N/A,victoria,1024
1,105472,1,0.00286527,0.000969885,0.809977,N/A,N/A,N/A,N/A,victoria,1024
1,105472,1,0.0028677,0.00103738,0.795953,N/A,N/A,N/A,N/A,victoria,1024
1,105472,1,0.00290342,0.00107555,0.804735,N/A,N/A,N/A,N/A,victoria,1024
1,106496,1,0.00287589,0.00101944,0.817013,N/A,N/A,N/A,N/A,victoria,1024
1,106496,1,0.00287914,0.00106371,0.783989,N/A,N/A,N/A,N/A,victoria,1024
1,106496,1,0.00289101,0.00106163,0.798404,N/A,N/A,N/A,N/A,victoria,1024
1,107520,1,0.00145406,0.00074886,0.905765,N/A,N/A,N/A,N/A,victoria,1024
1,107520,1,0.00264885,0.00110203,0.919066,N/A,N/A,N/A,N/A,victoria,1024
1,107520,1,0.00288267,0.00100136,0.949125,N/A,N/A,N/A,N/A,victoria,1024
1,108544,1,0.00121904,0.000534554,0.938159,N/A,N/A,N/A,N/A,victoria,1024
1,108544,1,0.00290181,0.00103406,0.936341,N/A,N/A,N/A,N/A,victoria,1024
1,108544,1,0.00295793,0.000973122,0.927846,N/A,N/A,N/A,N/A,victoria,1024
1,109568,1,0.00149708,0.000744541,0.950583,N/A,N/A,N/A,N/A,victoria,1024
1,109568,1,0.00293853,0.00100489,0.938694,N/A,N/A,N/A,N/A,victoria,1024
1,109568,1,0.00297604,0.00102409,0.972971,N/A,N/A,N/A,N/A,victoria,1024
1,110592,1,0.00276795,0.00110302,0.968619,N/A,N/A,N/A,N/A,victoria,1024
1,110592,1,0.00297771,0.00109523,0.931108,N/A,N/A,N/A,N/A,victoria,1024
1,110592,1,0.00298751,0.00101097,0.920769,N/A,N/A,N/A,N/A,victoria,1024
1,111616,1,0.00191834,0.000712812,0.988918,N/A,N/A,N/A,N/A,victoria,1024
1,111616,1,0.00295954,0.00129775,0.969747,N/A,N/A,N/A,N/A,victoria,1024
1,111616,1,0.00304133,0.00110444,0.955228,N/A,N/A,N/A,N/A,victoria,1024
1,112640,1,0.00301562,0.00111191,0.99478,N/A,N/A,N/A,N/A,victoria,1024
1,112640,1,0.00307703,0.00111767,0.993185,N/A,N/A,N/A,N/A,victoria,1024
1,112640,1,0.00310015,0.00105294,0.937977,N/A,N/A,N/A,N/A,victoria,1024
1,113664,1,0.00279051,0.00107011,0.980339,N/A,N/A,N/A,N/A,victoria,1024
1,113664,1,0.00279407,0.00114313,0.978107,N/A,N/A,N/A,N/A,victoria,1024
1,113664,1,0.00305799,0.00103627,1.00393,N/A,N/A,N/A,N/A,victoria,1024
1,114688,1,0.00126754,0.000989723,1.01194,N/A,N/A,N/A,N/A,victoria,1024
1,114688,1,0.00153324,0.000770675,0.992549,N/A,N/A,N/A,N/A,victoria,1024
1,114688,1,0.00311483,0.00105652,1.00933,N/A,N/A,N/A,N/A,victoria,1024
1,115712,1,0.0015486,0.000787173,1.02152,N/A,N/A,N/A,N/A,victoria,1024
1,115712,1,0.00286597,0.00109361,1.00669,N/A,N/A,N/A,N/A,victoria,1024
1,115712,1,0.00311855,0.00112721,1.02523,N/A,N/A,N/A,N/A,victoria,1024
1,116736,1,0.00222477,0.000941794,1.02553,N/A,N/A,N/A,N/A,victoria,1024
1,116736,1,0.00290852,0.00105619,1.03519,N/A,N/A,N/A,N/A,victoria,1024
1,116736,1,0.00319937,0.00114415,0.998015,N/A,N/A,N/A,N/A,victoria,1024
1,117760,1,0.00318072,0.00115465,1.03175,N/A,N/A,N/A,N/A,victoria,1024
1,117760,1,0.00321781,0.00107427,1.01075,N/A,N/A,N/A,N/A,victoria,1024
1,117760,1,0.00321874,0.00105473,1.00367,N/A,N/A,N/A,N/A,victoria,1024
1,118784,1,0.0013112,0.00102018,1.04427,N/A,N/A,N/A,N/A,victoria,1024
1,118784,1,0.0032126,0.00116697,1.01733,N/A,N/A,N/A,N/A,victoria,1024
1,118784,1,0.00322024,0.00106683,1.01918,N/A,N/A,N/A,N/A,victoria,1024
1,119808,1,0.00293036,0.00120427,1.05857,N/A,N/A,N/A,N/A,victoria,1024
1,119808,1,0.00323595,0.000936179,1.019,N/A,N/A,N/A,N/A,victoria,1024
1,119808,1,0.00323801,0.00116863,1.06132,N/A,N/A,N/A,N/A,victoria,1024
1,120832,1,0.00325338,0.00117721,1.03084,N/A,N/A,N/A,N/A,victoria,1024
1,120832,1,0.00325549,0.00113198,1.05248,N/A,N/A,N/A,N/A,victoria,1024
1,120832,1,0.00327256,0.0011021,1.05368,N/A,N/A,N/A,N/A,victoria,1024
1,121856,1,0.00162201,0.00104501,1.05396,N/A,N/A,N/A,N/A,victoria,1024
1,121856,1,0.00323202,0.00120252,1.04434,N/A,N/A,N/A,N/A,victoria,1024
1,121856,1,0.0032935,0.00110782,1.0723,N/A,N/A,N/A,N/A,victoria,1024
1,122880,1,0.00324443,0.00113384,1.08657,N/A,N/A,N/A,N/A,victoria,1024
1,122880,1,0.00327938,0.00110919,1.08518,N/A,N/A,N/A,N/A,victoria,1024
1,122880,1,0.00329289,0.00111195,1.07474,N/A,N/A,N/A,N/A,victoria,1024
1,123904,1,0.00309795,0.00112889,1.09476,N/A,N/A,N/A,N/A,victoria,1024
1,123904,1,0.00332125,0.00120703,1.05795,N/A,N/A,N/A,N/A,victoria,1024
1,123904,1,0.00336545,0.00111389,1.06879,N/A,N/A,N/A,N/A,victoria,1024
1,124928,1,0.00165694,0.000858923,1.09668,N/A,N/A,N/A,N/A,victoria,1024
1,124928,1,0.00334951,0.00113395,1.0567,N/A,N/A,N/A,N/A,victoria,1024
1,124928,1,0.00335928,0.00113976,1.09286,N/A,N/A,N/A,N/A,victoria,1024
1,125952,1,0.00302793,0.00122455,1.10534,N/A,N/A,N/A,N/A,victoria,1024
1,125952,1,0.00335073,0.00123521,1.09312,N/A,N/A,N/A,N/A,victoria,1024
1,125952,1,0.00347203,0.00113448,1.09418,N/A,N/A,N/A,N/A,victoria,1024
1,126976,1,0.00310686,0.00128212,1.08136,N/A,N/A,N/A,N/A,victoria,1024
1,126976,1,0.00341239,0.00114662,1.12665,N/A,N/A,N/A,N/A,victoria,1024
1,126976,1,0.00341506,0.0011409,1.11501,N/A,N/A,N/A,N/A,victoria,1024
1,128000,1,0.00239906,0.000819381,1.10197,N/A,N/A,N/A,N/A,victoria,1024
1,128000,1,0.00345066,0.00124334,1.09472,N/A,N/A,N/A,N/A,victoria,1024
1,128000,1,0.0034911,0.00116298,1.09811,N/A,N/A,N/A,N/A,victoria,1024
1,129024,1,0.00242267,0.000889503,1.13807,N/A,N/A,N/A,N/A,victoria,1024
1,129024,1,0.00315512,0.00127344,1.10385,N/A,N/A,N/A,N/A,victoria,1024
1,129024,1,0.0031603,0.00129464,1.13841,N/A,N/A,N/A,N/A,victoria,1024
1,130048,1,0.00173401,0.000877004,1.11645,N/A,N/A,N/A,N/A,victoria,1024
1,130048,1,0.00321862,0.00129242,1.14923,N/A,N/A,N/A,N/A,victoria,1024
1,130048,1,0.00350409,0.00126563,1.11522,N/A,N/A,N/A,N/A,victoria,1024
1,131072,1,0.00232048,0.000693844,1.12911,N/A,N/A,N/A,N/A,victoria,1024
1,131072,1,0.00320864,0.00123029,1.14182,N/A,N/A,N/A,N/A,victoria,1024
1,131072,1,0.00352069,0.00118976,1.13346,N/A,N/A,N/A,N/A,victoria,1024
1,132096,1,0.00176267,0.00112612,1.13702,N/A,N/A,N/A,N/A,victoria,1024
1,132096,1,0.00261812,0.00111234,1.10053,N/A,N/A,N/A,N/A,victoria,1024
1,132096,1,0.00353308,0.00127536,1.15418,N/A,N/A,N/A,N/A,victoria,1024
1,133120,1,0.00356352,0.00128418,1.1736,N/A,N/A,N/A,N/A,victoria,1024
1,133120,1,0.0035849,0.00129837,1.14245,N/A,N/A,N/A,N/A,victoria,1024
1,133120,1,0.00361475,0.00119913,1.17965,N/A,N/A,N/A,N/A,victoria,1024
1,134144,1,0.00329975,0.00102925,1.29389,N/A,N/A,N/A,N/A,victoria,1024
1,134144,1,0.00361533,0.00119898,1.30581,N/A,N/A,N/A,N/A,victoria,1024
1,134144,1,0.00367672,0.00130751,1.32438,N/A,N/A,N/A,N/A,victoria,1024
1,135168,1,0.00257448,0.00081282,1.33946,N/A,N/A,N/A,N/A,victoria,1024
1,135168,1,0.00359828,0.00130199,1.33839,N/A,N/A,N/A,N/A,victoria,1024
1,135168,1,0.00361652,0.00118924,1.32362,N/A,N/A,N/A,N/A,victoria,1024
1,136192,1,0.00180119,0.00115225,1.36152,N/A,N/A,N/A,N/A,victoria,1024
1,136192,1,0.0018023,0.00115558,1.36271,N/A,N/A,N/A,N/A,victoria,1024
1,136192,1,0.00371447,0.00129134,1.36654,N/A,N/A,N/A,N/A,victoria,1024
1,137216,1,0.00181131,0.00114519,1.35944,N/A,N/A,N/A,N/A,victoria,1024
1,137216,1,0.00365754,0.00133094,1.37972,N/A,N/A,N/A,N/A,victoria,1024
1,137216,1,0.003667,0.00145037,1.36762,N/A,N/A,N/A,N/A,victoria,1024
1,138240,1,0.00183217,0.00130579,1.34886,N/A,N/A,N/A,N/A,victoria,1024
1,138240,1,0.00185013,0.00117343,1.35407,N/A,N/A,N/A,N/A,victoria,1024
1,138240,1,0.00371338,0.00143034,1.36437,N/A,N/A,N/A,N/A,victoria,1024
1,139264,1,0.00372828,0.00143117,1.36671,N/A,N/A,N/A,N/A,victoria,1024
1,139264,1,0.00373172,0.00123717,1.37234,N/A,N/A,N/A,N/A,victoria,1024
1,139264,1,0.00376092,0.00133608,1.39439,N/A,N/A,N/A,N/A,victoria,1024
1,140288,1,0.00186554,0.00119552,1.36919,N/A,N/A,N/A,N/A,victoria,1024
1,140288,1,0.00271891,0.00104717,1.37035,N/A,N/A,N/A,N/A,victoria,1024
1,140288,1,0.00378078,0.00192147,1.37738,N/A,N/A,N/A,N/A,victoria,1024
1,141312,1,0.00377733,0.00135626,1.40077,N/A,N/A,N/A,N/A,victoria,1024
1,141312,1,0.00378012,0.00134273,1.39817,N/A,N/A,N/A,N/A,victoria,1024
1,141312,1,0.00380394,0.00134944,1.39856,N/A,N/A,N/A,N/A,victoria,1024
1,142336,1,0.00135472,0.000604125,1.42838,N/A,N/A,N/A,N/A,victoria,1024
1,142336,1,0.00382527,0.00136836,1.39531,N/A,N/A,N/A,N/A,victoria,1024
1,142336,1,0.00382799,0.00136165,1.4069,N/A,N/A,N/A,N/A,victoria,1024
1,143360,1,0.00293327,0.00114074,1.4217,N/A,N/A,N/A,N/A,victoria,1024
1,143360,1,0.00385955,0.00137617,1.4351,N/A,N/A,N/A,N/A,victoria,1024
1,143360,1,0.00386387,0.00138422,1.43417,N/A,N/A,N/A,N/A,victoria,1024
1,144384,1,0.00346929,0.00143795,1.43383,N/A,N/A,N/A,N/A,victoria,1024
1,144384,1,0.00386984,0.00137885,1.41612,N/A,N/A,N/A,N/A,victoria,1024
1,144384,1,0.00390422,0.00137874,1.44907,N/A,N/A,N/A,N/A,victoria,1024
1,145408,1,0.00294781,0.00110904,1.45345,N/A,N/A,N/A,N/A,victoria,1024
1,145408,1,0.00387812,0.00139979,1.43862,N/A,N/A,N/A,N/A,victoria,1024
1,145408,1,0.00395264,0.00138685,1.4357,N/A,N/A,N/A,N/A,victoria,1024
1,146432,1,0.00196915,0.00124247,1.46259,N/A,N/A,N/A,N/A,victoria,1024
1,146432,1,0.00198143,0.00123314,1.43638,N/A,N/A,N/A,N/A,victoria,1024
1,146432,1,0.00355836,0.00141967,1.4606,N/A,N/A,N/A,N/A,victoria,1024
1,147456,1,0.00359542,0.00144564,1.472,N/A,N/A,N/A,N/A,victoria,1024
1,147456,1,0.00393365,0.00139639,1.4658,N/A,N/A,N/A,N/A,victoria,1024
1,147456,1,0.00395978,0.00139663,1.46611,N/A,N/A,N/A,N/A,victoria,1024
1,148480,1,0.00196377,0.00125201,1.47225,N/A,N/A,N/A,N/A,victoria,1024
1,148480,1,0.00395512,0.00140876,1.48341,N/A,N/A,N/A,N/A,victoria,1024
1,148480,1,0.00397856,0.00141426,1.45987,N/A,N/A,N/A,N/A,victoria,1024
1,149504,1,0.00309136,0.00113182,1.48867,N/A,N/A,N/A,N/A,victoria,1024
1,149504,1,0.00390327,0.00132641,1.46219,N/A,N/A,N/A,N/A,victoria,1024
1,149504,1,0.00402646,0.00135732,1.48862,N/A,N/A,N/A,N/A,victoria,1024
1,150528,1,0.0019701,0.00128208,1.5152,N/A,N/A,N/A,N/A,victoria,1024
1,150528,1,0.00394047,0.00182951,1.47072,N/A,N/A,N/A,N/A,victoria,1024
1,150528,1,0.00401608,0.00142889,1.51469,N/A,N/A,N/A,N/A,victoria,1024
1,151552,1,0.00301178,0.00126093,1.4944,N/A,N/A,N/A,N/A,victoria,1024
1,151552,1,0.0040332,0.00132192,1.50247,N/A,N/A,N/A,N/A,victoria,1024
1,151552,1,0.00404282,0.00147456,1.49469,N/A,N/A,N/A,N/A,victoria,1024
1,152576,1,0.00200362,0.00128603,1.5266,N/A,N/A,N/A,N/A,victoria,1024
1,152576,1,0.00408071,0.00145729,1.48355,N/A,N/A,N/A,N/A,victoria,1024
1,152576,1,0.00409291,0.00145118,1.51612,N/A,N/A,N/A,N/A,victoria,1024
1,153600,1,0.00182801,0.00116907,1.51367,N/A,N/A,N/A,N/A,victoria,1024
1,153600,1,0.00202653,0.00128637,1.506,N/A,N/A,N/A,N/A,victoria,1024
1,153600,1,0.00409575,0.00138997,1.50879,N/A,N/A,N/A,N/A,victoria,1024
1,154624,1,0.00203082,0.00130195,1.55073,N/A,N/A,N/A,N/A,victoria,1024
1,154624,1,0.0031243,0.00145818,1.54577,N/A,N/A,N/A,N/A,victoria,1024
1,154624,1,0.00412943,0.00146814,1.51745,N/A,N/A,N/A,N/A,victoria,1024
1,155648,1,0.00314833,0.0009565,1.54674,N/A,N/A,N/A,N/A,victoria,1024
1,155648,1,0.00375995,0.00151651,1.54476,N/A,N/A,N/A,N/A,victoria,1024
1,155648,1,0.00417098,0.00148779,1.52851,N/A,N/A,N/A,N/A,victoria,1024
1,156672,1,0.00208677,0.00131536,1.56764,N/A,N/A,N/A,N/A,victoria,1024
1,156672,1,0.00413688,0.00147732,1.53814,N/A,N/A,N/A,N/A,victoria,1024
1,156672,1,0.00418788,0.00150356,1.56328,N/A,N/A,N/A,N/A,victoria,1024
1,157696,1,0.00172765,0.00111124,1.56702,N/A,N/A,N/A,N/A,victoria,1024
1,157696,1,0.00420071,0.0015105,1.55249,N/A,N/A,N/A,N/A,victoria,1024
1,157696,1,0.00420208,0.00148943,1.57755,N/A,N/A,N/A,N/A,victoria,1024
1,158720,1,0.00329833,0.00129598,1.57042,N/A,N/A,N/A,N/A,victoria,1024
1,158720,1,0.00422142,0.00142222,1.55043,N/A,N/A,N/A,N/A,victoria,1024
1,158720,1,0.00425293,0.00149917,1.59967,N/A,N/A,N/A,N/A,victoria,1024
1,159744,1,0.00386547,0.00154527,1.59151,N/A,N/A,N/A,N/A,victoria,1024
1,159744,1,0.00424399,0.00152276,1.60161,N/A,N/A,N/A,N/A,victoria,1024
1,159744,1,0.00425692,0.00140394,1.60704,N/A,N/A,N/A,N/A,victoria,1024
1,160768,1,0.00272276,0.0013236,1.79466,N/A,N/A,N/A,N/A,victoria,1024
1,160768,1,0.00428008,0.00152928,1.77912,N/A,N/A,N/A,N/A,victoria,1024
1,160768,1,0.00430164,0.00153176,1.78043,N/A,N/A,N/A,N/A,victoria,1024
1,161792,1,0.0032915,0.00152068,1.77541,N/A,N/A,N/A,N/A,victoria,1024
1,161792,1,0.00431357,0.00152812,1.78207,N/A,N/A,N/A,N/A,victoria,1024
1,161792,1,0.00433501,0.00152847,1.79773,N/A,N/A,N/A,N/A,victoria,1024
1,162816,1,0.00214495,0.00133464,1.82056,N/A,N/A,N/A,N/A,victoria,1024
1,162816,1,0.00391899,0.00157283,1.81272,N/A,N/A,N/A,N/A,victoria,1024
1,162816,1,0.00433617,0.00153469,1.82223,N/A,N/A,N/A,N/A,victoria,1024
1,163840,1,0.00345553,0.0012584,1.78128,N/A,N/A,N/A,N/A,victoria,1024
1,163840,1,0.00402797,0.00159852,1.80686,N/A,N/A,N/A,N/A,victoria,1024
1,163840,1,0.00436508,0.00154306,1.82366,N/A,N/A,N/A,N/A,victoria,1024
1,164864,1,0.00176762,0.00137208,1.84039,N/A,N/A,N/A,N/A,victoria,1024
1,164864,1,0.00342227,0.00171216,1.83365,N/A,N/A,N/A,N/A,victoria,1024
1,164864,1,0.004534,0.00155977,1.82919,N/A,N/A,N/A,N/A,victoria,1024
1,165888,1,0.00216529,0.00139633,1.8461,N/A,N/A,N/A,N/A,victoria,1024
1,165888,1,0.00438317,0.00157022,1.84156,N/A,N/A,N/A,N/A,victoria,1024
1,165888,1,0.00440247,0.00157502,1.84412,N/A,N/A,N/A,N/A,victoria,1024
1,166912,1,0.00356295,0.00189255,1.84042,N/A,N/A,N/A,N/A,victoria,1024
1,166912,1,0.00428387,0.00147597,1.87273,N/A,N/A,N/A,N/A,victoria,1024
1,166912,1,0.00447763,0.0015716,1.84283,N/A,N/A,N/A,N/A,victoria,1024
1,167936,1,0.00343402,0.00157591,1.85555,N/A,N/A,N/A,N/A,victoria,1024
1,167936,1,0.00444812,0.00157345,1.80965,N/A,N/A,N/A,N/A,victoria,1024
1,167936,1,0.00451926,0.00160071,1.89659,N/A,N/A,N/A,N/A,victoria,1024
1,168960,1,0.00317534,0.00132528,1.87435,N/A,N/A,N/A,N/A,victoria,1024
1,168960,1,0.00408978,0.0016198,1.87677,N/A,N/A,N/A,N/A,victoria,1024
1,168960,1,0.00460044,0.00159644,1.89275,N/A,N/A,N/A,N/A,victoria,1024
1,169984,1,0.00354025,0.00161011,1.92527,N/A,N/A,N/A,N/A,victoria,1024
1,169984,1,0.00414621,0.00164566,1.90581,N/A,N/A,N/A,N/A,victoria,1024
1,169984,1,0.00452092,0.00160171,1.91149,N/A,N/A,N/A,N/A,victoria,1024
