gpus,N,usr_htod_time,usr_kernel_time,usr_dtoh_time,dep_res_creation_time,dep_res_exec_time,linearization_time
1,1024,0.00288845,0.501115,0.00274421,N/A,N/A,N/A
1,1024,0.00505305,0.526809,0.000997821,N/A,N/A,N/A
1,1024,0.00529016,0.504641,0.000781324,N/A,N/A,N/A
1,12288,0.159204,52.8902,0.191633,N/A,N/A,N/A
1,12288,0.160659,54.148,0.192311,N/A,N/A,N/A
1,12288,0.162527,54.1095,0.193292,N/A,N/A,N/A
1,16384,0.270752,94.8966,0.305059,N/A,N/A,N/A
1,16384,0.448083,94.8936,0.192788,N/A,N/A,N/A
1,16384,0.470753,94.8595,0.19186,N/A,N/A,N/A
1,2048,0.00512868,1.62546,0.00177291,N/A,N/A,N/A
1,2048,0.0136601,1.60878,0.00690388,N/A,N/A,N/A
1,2048,0.0137496,1.61671,0.00626107,N/A,N/A,N/A
1,20480,0.413533,153.736,0.254114,N/A,N/A,N/A
1,20480,0.420794,153.769,0.27893,N/A,N/A,N/A
1,20480,0.499307,153.794,0.228475,N/A,N/A,N/A
1,24576,0.563739,215.153,0.307275,N/A,N/A,N/A
1,24576,1.04217,215.134,0.275747,N/A,N/A,N/A
1,24576,1.38812,215.101,0.207117,N/A,N/A,N/A
1,28672,0.738267,291.038,0.359185,N/A,N/A,N/A
1,28672,0.758777,291.04,0.35394,N/A,N/A,N/A
1,28672,0.767901,291.062,0.339902,N/A,N/A,N/A
1,32768,0.961994,379.675,0.427294,N/A,N/A,N/A
1,32768,0.96747,379.745,0.394017,N/A,N/A,N/A
1,32768,2.39495,379.725,0.410725,N/A,N/A,N/A
1,36864,1.16164,484.805,0.519071,N/A,N/A,N/A
1,36864,1.20321,484.82,0.485493,N/A,N/A,N/A
1,36864,3.04448,484.775,0.495215,N/A,N/A,N/A
1,4096,0.0203148,5.97208,0.0216754,N/A,N/A,N/A
1,4096,0.0207754,5.98249,0.0251854,N/A,N/A,N/A
1,4096,0.0452109,5.95935,0.0246678,N/A,N/A,N/A
1,8192,0.0737447,23.3361,0.0229234,N/A,N/A,N/A
1,8192,0.0785748,23.3571,0.0248052,N/A,N/A,N/A
1,8192,0.085672,23.3364,0.0230123,N/A,N/A,N/A
2,1024,0.00478129,0.590498,0.0144594,0.179242,0.119503,0.136612
2,1024,0.00578558,0.593805,0.013748,0.179643,0.123287,0.137051
2,1024,0.00690375,0.601205,0.0142484,0.179616,0.123982,0.137218
2,12288,0.391469,27.7982,0.265908,0.450436,0.146925,0.379075
2,12288,0.391692,27.8906,0.266441,0.463059,0.146927,0.386719
2,12288,0.683055,27.8082,0.266187,0.458567,0.149508,0.378677
2,16384,0.672813,48.2372,0.41258,0.554974,0.159388,0.475323
2,16384,0.682785,48.3884,0.412205,0.566446,0.160156,0.472381
2,16384,1.2321,48.3307,0.415289,0.566681,0.156753,0.486415
2,2048,0.0172341,1.24499,0.0300847,0.20402,0.121282,0.158963
2,2048,0.0221926,1.23279,0.0301657,0.201215,0.119822,0.157689
2,2048,0.0274991,1.24444,0.0301128,0.202094,0.121755,0.157884
2,20480,0.961749,77.953,0.534868,0.659132,0.167361,0.57089
2,20480,0.962494,77.8128,0.573086,0.660096,0.169954,0.57012
2,20480,0.969019,77.9049,0.585229,0.663387,0.166425,0.572447
2,24576,1.38811,108.719,0.800229,0.767857,0.18288,0.667935
2,24576,1.39515,108.721,0.783306,0.779693,0.185301,0.673504
2,24576,1.49544,108.717,0.769794,0.784013,0.185845,0.673135
2,28672,1.88492,146.892,1.00299,0.904947,0.19172,0.788081
2,28672,1.90026,146.921,1.36777,0.901606,0.194748,0.775892
2,28672,2.03472,145.482,1.01627,0.896215,0.193312,0.776952
2,32768,2.44285,191.476,1.25972,1.03628,0.211127,0.888225
2,32768,2.44887,191.457,1.25921,1.01774,0.214008,0.877391
2,32768,2.64448,191.466,1.31194,1.00568,0.195659,0.879099
2,36864,3.10539,244.279,1.55918,1.15137,0.215189,1.00794
2,36864,3.1464,244.343,1.55669,1.15615,0.218768,0.986433
2,36864,3.3506,244.263,1.55195,1.14869,0.21823,0.998354
2,4096,0.0628349,3.48579,0.0726641,0.252064,0.1226,0.201817
2,4096,0.0796949,3.4751,0.0735138,0.254236,0.122051,0.20375
2,4096,0.0827537,3.48143,0.0729355,0.25069,0.123837,0.200132
2,8192,0.192991,12.257,0.165969,0.349909,0.131591,0.287925
2,8192,0.194075,12.2656,0.148693,0.353376,0.130465,0.293421
2,8192,0.422576,12.2812,0.186785,0.348085,0.132378,0.288106
3,1024,0.00571103,0.646086,0.0140668,0.183694,0.240255,0.136396
3,1024,0.0067564,0.64467,0.0143349,0.184934,0.237159,0.138718
3,1024,0.00804156,0.644611,0.014066,0.183593,0.239687,0.136973
3,12288,0.560954,19.0118,0.26451,0.410483,0.299047,0.303675
3,12288,0.564972,19.0228,0.265239,0.40568,0.294994,0.305576
3,12288,0.590486,19.0202,0.266743,0.408107,0.291165,0.307779
3,16384,0.98534,32.6392,0.53718,0.486696,0.307673,0.361087
3,16384,1.33126,32.6161,0.415892,0.487339,0.316089,0.362526
3,16384,1.59821,32.6759,0.485143,0.48663,0.303823,0.369217
3,2048,0.0165238,1.09761,0.0267766,0.201341,0.241928,0.151919
3,2048,0.0198575,1.0985,0.0307647,0.203369,0.240631,0.151361
3,2048,0.0220885,1.09423,0.0303352,0.203493,0.236353,0.151315
3,20480,1.52496,52.434,0.580773,0.560198,0.332525,0.423002
3,20480,1.5342,52.4297,0.578813,0.567804,0.340444,0.428452
3,20480,1.61167,52.4087,0.577806,0.561977,0.335908,0.426548
3,24576,2.0802,73.3038,0.800771,0.647694,0.362341,0.486622
3,24576,2.21846,73.2947,0.814441,0.655493,0.367434,0.492563
3,24576,4.36653,73.3967,1.07147,0.644072,0.356075,0.487369
3,28672,2.57044,98.4736,1.02875,0.737079,0.388037,0.55935
3,28672,2.86319,98.5152,1.02947,0.736559,0.402767,0.560513
3,28672,2.96345,98.5183,1.01385,0.731084,0.39068,0.554383
3,32768,3.68793,128.363,1.28613,0.841515,0.412652,0.633125
3,32768,3.89295,128.385,1.27339,0.846112,0.407609,0.637171
3,32768,4.10011,128.388,1.2873,0.826254,0.409997,0.623604
3,36864,4.89844,163.875,1.5693,0.918445,0.442008,0.694461
3,36864,5.17921,163.905,1.5672,0.923576,0.436829,0.701384
3,36864,5.19221,163.853,1.59206,0.926544,0.427122,0.6977
3,4096,0.079545,2.59561,0.0718433,0.240472,0.237742,0.177795
3,4096,0.0999907,2.63308,0.0717216,0.241221,0.240988,0.179318
3,4096,0.101126,2.62755,0.0755599,0.240963,0.244076,0.177881
3,8192,0.267317,8.57489,0.157168,0.32905,0.25099,0.2485
3,8192,0.38326,8.55728,0.183522,0.318794,0.25553,0.2383
3,8192,0.389486,8.53949,0.179683,0.317654,0.251822,0.236666
4,1024,0.00788503,0.737004,0.0143582,0.196697,0.358982,0.143541
4,1024,0.00791387,0.733879,0.0143202,0.193647,0.362563,0.141108
4,1024,0.00931851,0.739172,0.0133666,0.195216,0.367567,0.14333
4,12288,0.752235,14.607,0.265633,0.398324,0.443703,0.26713
4,12288,0.758501,14.6153,0.351202,0.395177,0.421477,0.262338
4,12288,1.03931,14.6495,0.266234,0.404417,0.446901,0.273026
4,16384,1.2407,24.9682,0.40284,0.472679,0.476211,0.315014
4,16384,1.49843,25.0355,0.413469,0.470164,0.478524,0.310265
4,16384,1.84975,25.0078,0.417464,0.509475,0.475455,0.350395
4,2048,0.0292636,1.1873,0.0307292,0.215018,0.373396,0.152265
4,2048,0.0302672,1.17298,0.0327713,0.215225,0.367954,0.156122
4,2048,0.0360017,1.18242,0.032078,0.217046,0.365404,0.156903
4,20480,1.93631,39.8303,0.597915,0.541553,0.511636,0.355644
4,20480,2.17956,39.8488,0.579693,0.554766,0.509503,0.356175
4,20480,2.18361,39.848,0.578369,0.550287,0.510624,0.363579
4,24576,3.00843,55.5141,0.794519,0.623943,0.559761,0.406352
4,24576,3.14094,55.4924,0.810473,0.624929,0.551367,0.410709
4,24576,3.15099,55.5003,0.802638,0.622785,0.557632,0.408724
4,28672,3.43465,74.6046,1.03612,0.705586,0.603657,0.461013
4,28672,3.91977,74.5913,1.03277,0.695059,0.583767,0.451029
4,28672,3.95051,74.6374,1.02871,0.69664,0.589338,0.448372
4,32768,4.94492,97.0421,1.32421,0.793216,0.633546,0.497593
4,32768,5.34067,97.0639,1.28334,0.783375,0.612492,0.50713
4,32768,5.51388,97.0333,1.28185,0.782529,0.621072,0.507719
4,36864,6.44751,123.692,1.57328,0.855657,0.659125,0.545043
4,36864,6.73488,123.693,1.57136,0.852424,0.656475,0.546639
4,36864,6.97227,123.74,1.57876,0.860761,0.667247,0.550837
4,4096,0.0975008,2.2535,0.0689483,0.252683,0.358685,0.178038
4,4096,0.117614,2.24462,0.0712931,0.251059,0.359539,0.174293
4,4096,0.125233,2.23667,0.0721107,0.248912,0.356569,0.175014
4,8192,0.350936,6.73738,0.194194,0.329992,0.381066,0.225766
4,8192,0.452719,6.73613,0.156981,0.322152,0.379318,0.216756
4,8192,0.561468,6.72796,0.176349,0.318844,0.387866,0.217187
5,1024,0.00818066,0.847125,0.0134437,0.209589,0.478811,0.154059
5,1024,0.0105343,0.837869,0.0139559,0.204005,0.473031,0.150079
5,1024,0.0110794,0.848928,0.0142539,0.209337,0.478705,0.152234
5,12288,0.793609,12.0764,0.231532,0.408225,0.568959,0.249235
5,12288,1.0093,12.1152,0.264979,0.413929,0.599866,0.249419
5,12288,1.03251,12.1068,0.266276,0.41009,0.59453,0.251183
5,16384,1.72647,20.3458,0.411712,0.489193,0.641602,0.293038
5,16384,2.09048,20.3071,0.419861,0.480877,0.632573,0.284779
5,16384,2.4496,20.3373,0.41599,0.487956,0.634049,0.290652
5,2048,0.0273404,1.2111,0.0282532,0.225357,0.485963,0.160277
5,2048,0.0308482,1.21046,0.0327199,0.224993,0.488491,0.160462
5,2048,0.0413465,1.20888,0.0311618,0.224796,0.488658,0.160452
5,20480,2.51076,32.2545,0.59917,0.556465,0.681375,0.323305
5,20480,2.5755,32.2707,0.589744,0.557148,0.67352,0.325154
5,20480,2.59277,32.2816,0.589606,0.565315,0.684116,0.329874
5,24576,3.71879,44.9576,0.797478,0.631964,0.739883,0.361551
5,24576,3.8168,44.9395,0.795558,0.634319,0.734734,0.362707
5,24576,3.82757,44.9572,0.790093,0.634273,0.741549,0.363129
5,28672,4.90508,60.0072,1.04117,0.708599,0.78461,0.401878
5,28672,5.08088,60.0916,1.0378,0.711108,0.789281,0.401447
5,28672,5.18726,60.1015,1.02216,0.710514,0.787541,0.399626
5,32768,6.15318,78.1696,1.28999,0.787978,0.839316,0.440624
5,32768,6.56955,78.2046,1.27973,0.790714,0.833118,0.442694
5,32768,6.59029,78.2002,1.28657,0.789582,0.818803,0.44256
5,36864,7.76679,99.294,1.57732,0.867127,0.903997,0.481432
5,36864,8.05197,99.3169,1.59223,0.866439,0.891501,0.479743
5,36864,8.28581,99.3107,1.59217,0.87641,0.868435,0.487555
5,4096,0.112878,2.12191,0.0591045,0.262719,0.496242,0.179023
5,4096,0.114756,2.09325,0.0709851,0.263319,0.475892,0.178688
5,4096,0.138738,2.10383,0.0714714,0.265424,0.47844,0.177072
5,8192,0.529182,5.77688,0.184755,0.339066,0.507794,0.214432
5,8192,0.532937,5.75214,0.183117,0.335335,0.507697,0.21343
5,8192,0.884976,5.75955,0.19758,0.344546,0.526669,0.222284
6,1024,0.0111399,0.95968,0.0143799,0.219189,0.594931,0.161313
6,1024,0.0115585,0.958621,0.0145262,0.218736,0.593406,0.158975
6,1024,0.0121496,0.948481,0.0142775,0.219231,0.584561,0.1601
6,12288,1.26762,10.467,0.264633,0.431631,0.747662,0.242423
6,12288,1.36563,10.4345,0.267049,0.430409,0.742894,0.240183
6,12288,1.80554,10.4219,0.355139,0.431131,0.704834,0.240493
6,16384,1.91218,17.4281,0.411042,0.512184,0.787127,0.274284
6,16384,2.86303,17.3692,0.41563,0.50968,0.795244,0.274734
6,16384,4.04718,17.4159,0.418173,0.518601,0.793232,0.283609
6,2048,0.0343218,1.27213,0.0317337,0.237926,0.610095,0.16682
6,2048,0.0395707,1.28363,0.0326572,0.240495,0.611853,0.167616
6,2048,0.0486878,1.26942,0.0311876,0.240513,0.600855,0.169603
6,20480,2.97917,27.3937,0.601896,0.587551,0.848319,0.306764
6,20480,3.07139,27.3681,0.590583,0.586358,0.839481,0.306192
6,20480,3.07983,27.3827,0.5971,0.585881,0.845904,0.305018
6,24576,4.49493,37.893,0.796386,0.667026,0.916875,0.341488
6,24576,4.62184,37.8936,0.799178,0.670374,0.915899,0.343205
6,24576,4.62916,37.91,0.795493,0.675538,0.922626,0.349016
6,28672,5.82302,50.6059,1.04557,0.74131,0.990367,0.367006
6,28672,6.27452,50.6229,1.03768,0.746127,0.980238,0.367381
6,28672,6.40484,50.5906,1.02819,0.738362,0.985718,0.365252
6,32768,8.00781,65.7605,1.29172,0.832711,1.03735,0.399162
6,32768,8.20801,65.7298,1.29563,0.822523,1.02333,0.401058
6,32768,8.58847,65.7393,1.28956,0.833095,1.02586,0.409983
6,36864,10.1317,83.5621,1.58786,0.899779,1.10559,0.42962
6,36864,10.3446,83.5361,1.59123,0.90103,1.09365,0.429674
6,36864,10.6006,83.5285,1.5832,0.903972,1.07898,0.433708
6,4096,0.136669,2.07307,0.0723505,0.277294,0.603682,0.181981
6,4096,0.139737,2.16191,0.0598851,0.28133,0.637817,0.18383
6,4096,0.153772,2.10503,0.0712844,0.280274,0.61008,0.183592
6,8192,0.698901,5.11598,0.185413,0.363361,0.631514,0.221271
6,8192,0.737066,5.10632,0.193873,0.354094,0.635655,0.212442
6,8192,0.824445,5.11057,0.190348,0.356272,0.632775,0.213997
7,1024,0.0104122,1.07212,0.0127877,0.231242,0.711263,0.169743
7,1024,0.0125498,1.08334,0.0143976,0.233709,0.717371,0.168985
7,1024,0.0146376,1.07102,0.0141421,0.23127,0.707199,0.169142
7,12288,1.75569,9.38488,0.266602,0.457061,0.895704,0.240374
7,12288,1.78626,9.35723,0.267236,0.459109,0.8821,0.240503
7,12288,2.04959,9.32787,0.337356,0.456368,0.846504,0.23999
7,16384,3.14784,15.2567,0.537624,0.53789,0.89432,0.264727
7,16384,3.16746,15.3314,0.416469,0.53721,0.946204,0.265173
7,16384,4.18045,15.344,0.416267,0.541987,0.942243,0.269636
7,2048,0.046756,1.36493,0.0316326,0.251605,0.717698,0.173898
7,2048,0.0486098,1.38928,0.0320186,0.253614,0.738594,0.176537
7,2048,0.055809,1.37122,0.0318918,0.253623,0.731709,0.176353
7,20480,3.483,23.9593,0.599521,0.621577,1.01454,0.294543
7,20480,3.71984,23.9513,0.585235,0.619746,1.0162,0.291789
7,20480,3.73387,23.9806,0.595277,0.629049,1.01574,0.295261
7,24576,5.20963,32.9462,0.802936,0.700227,1.12411,0.317937
7,24576,5.4434,32.9957,0.800132,0.703136,1.11354,0.320716
7,24576,5.45368,32.99,0.796469,0.714015,1.1106,0.327047
7,28672,7.38243,44.0038,1.03182,0.797647,1.1881,0.343136
7,28672,7.41403,43.9785,1.03854,0.78345,1.19121,0.345573
7,28672,7.53472,44.2961,1.03054,0.79112,1.1843,0.346576
7,32768,9.20776,56.7764,1.30264,0.869116,1.24519,0.373191
7,32768,9.38475,56.7471,1.30173,0.866305,1.22908,0.372354
7,32768,9.82184,57.1627,1.29903,0.87119,1.23067,0.372775
7,36864,11.4727,72.2644,1.58504,0.957296,1.33633,0.403574
7,36864,11.8302,72.2792,1.58834,0.983182,1.33464,0.407831
7,36864,12.1266,72.2418,1.58461,0.960262,1.30429,0.406909
7,4096,0.153147,2.43977,0.077388,0.295106,0.797127,0.188235
7,4096,0.186758,2.48142,0.0624142,0.290991,0.816853,0.186738
7,4096,0.194532,2.45177,0.0770827,0.291465,0.808661,0.186483
7,8192,0.675008,4.72581,0.147352,0.375071,0.767225,0.211361
7,8192,0.778272,4.71377,0.198327,0.37247,0.757067,0.211584
7,8192,0.81364,4.71344,0.18327,0.377343,0.759765,0.215025
8,1024,0.0124092,1.17731,0.0144153,0.246446,0.814333,0.180804
8,1024,0.0136574,1.17956,0.01284,0.247314,0.816515,0.180475
8,1024,0.014847,1.18477,0.0141676,0.243092,0.825806,0.175999
8,12288,1.69253,8.50769,0.355753,0.480393,0.986526,0.234786
8,12288,1.74631,8.52168,0.335232,0.488603,0.998765,0.238818
8,12288,1.94895,8.50908,0.346787,0.487708,0.988781,0.239058
8,16384,2.9338,13.838,0.540874,0.580921,1.06476,0.266578
8,16384,3.34269,13.8116,0.530991,0.587116,1.0554,0.260947
8,16384,3.54996,13.9339,0.415461,0.575066,1.11096,0.263739
8,2048,0.0440675,1.44745,0.0302495,0.269331,0.84539,0.184171
8,2048,0.0494638,1.45992,0.0326704,0.271082,0.857065,0.189174
8,2048,0.0518787,1.48564,0.0307625,0.270546,0.880226,0.184024
8,20480,3.88585,21.4137,0.602689,0.668078,1.23206,0.292937
8,20480,4.21832,21.4,0.595736,0.666263,1.20334,0.291169
8,20480,5.6401,21.4043,0.590039,0.667217,1.21249,0.292153
8,24576,6.01093,29.3353,0.794836,0.759836,1.29059,0.316709
8,24576,6.04937,29.3747,0.793686,0.754276,1.31556,0.315249
8,24576,6.14576,29.3517,0.793156,0.751792,1.29892,0.312572
8,28672,8.02797,39.075,1.05324,0.843008,1.40465,0.338847
8,28672,8.17612,39.0563,1.03096,0.844196,1.38627,0.340521
8,28672,8.33674,39.0382,1.02959,0.830957,1.38724,0.326998
8,32768,10.2432,50.7643,1.30946,0.927864,1.49059,0.358142
8,32768,10.7958,50.3931,1.29583,0.935687,1.44948,0.362989
8,32768,10.8584,50.3804,1.30211,0.931848,1.44555,0.360311
8,36864,13.0463,63.7385,1.59038,1.01326,1.52986,0.376781
8,36864,13.4702,63.8718,1.60434,1.02494,1.53891,0.386926
8,36864,13.9446,63.847,1.59415,1.02201,1.52755,0.386264
8,4096,0.17108,2.45305,0.0816197,0.318757,0.944438,0.202254
8,4096,0.189666,2.43754,0.0771192,0.309498,0.943789,0.192528
8,4096,0.210649,2.43464,0.0780023,0.309812,0.944573,0.194635
8,8192,0.650018,4.42537,0.184287,0.391035,0.893136,0.207954
8,8192,0.74723,4.38971,0.192371,0.404432,0.870575,0.223417
8,8192,0.847191,4.38736,0.1895,0.40138,0.861974,0.219741
9,1024,0.0114339,1.32135,0.0126834,0.266015,0.934875,0.192201
9,1024,0.0124743,1.352,0.0146299,0.307986,0.926061,0.239007
9,1024,0.0171704,1.31935,0.0143226,0.264433,0.934435,0.191804
9,12288,1.56688,8.03162,0.251259,0.524906,1.19563,0.24397
9,12288,2.16435,8.01928,0.264229,0.524998,1.19201,0.245565
9,12288,2.57456,8.01555,0.258835,0.520138,1.18957,0.243507
9,16384,3.58192,12.7393,0.405597,0.612882,1.26015,0.263769
9,16384,4.24175,12.8007,0.407591,0.657164,1.26078,0.306333
9,16384,4.28842,12.8027,0.406987,0.612299,1.2648,0.261984
9,2048,0.048142,1.5988,0.0320783,0.28613,0.977166,0.194294
9,2048,0.064019,1.61662,0.0325938,0.286227,0.999691,0.194618
9,2048,0.0673604,1.60234,0.0322571,0.28582,0.989416,0.195476
9,20480,4.67244,19.4574,0.578064,0.703483,1.38216,0.280665
9,20480,5.05274,19.5327,0.573986,0.766689,1.39063,0.342461
9,20480,5.12947,19.4809,0.570019,0.7106,1.36257,0.287668
9,24576,6.39564,26.7054,0.782197,0.841991,1.51542,0.344669
9,24576,6.58499,26.6734,0.77321,0.799886,1.50514,0.297921
9,24576,7.59488,26.6626,0.772028,0.804321,1.50599,0.306774
9,28672,8.85079,35.2705,1.02677,0.896423,1.62165,0.325962
9,28672,8.99613,35.2766,1.01968,0.92549,1.60508,0.353814
9,28672,9.71818,35.2558,1.04591,0.89968,1.6179,0.328415
9,32768,11.5798,45.3998,1.27065,1.02913,1.67586,0.383314
9,32768,11.8253,45.3578,1.27402,0.994656,1.66784,0.348948
9,32768,11.8283,45.3293,1.26608,0.995047,1.65639,0.350625
9,36864,14.3599,57.4114,1.54663,1.0948,1.79287,0.371926
9,36864,14.7695,57.4266,1.55054,1.09522,1.80181,0.373655
9,36864,14.789,57.4217,1.55855,1.0935,1.79783,0.370163
9,4096,0.190433,2.51849,0.0773629,0.332141,1.07922,0.201979
9,4096,0.190872,2.54096,0.07659,0.368266,1.07232,0.239138
9,4096,0.276196,2.52744,0.0821374,0.337054,1.08731,0.207761
9,8192,0.726535,4.32311,0.18882,0.464643,1.00763,0.258832
9,8192,1.02193,4.2951,0.198587,0.429179,1.03176,0.228177
9,8192,1.03695,4.26613,0.188216,0.42906,1.00895,0.223852
10,1024,0.0140804,1.44639,0.0143886,0.276221,1.05146,0.199021
10,1024,0.0158187,1.46353,0.0146937,0.281524,1.06129,0.204829
10,1024,0.0160962,1.48381,0.0150478,0.280712,1.08014,0.20324
10,12288,1.80752,7.54871,0.353991,0.55813,1.27738,0.24824
10,12288,2.28746,7.56031,0.259212,0.563073,1.28083,0.251978
10,12288,2.32037,7.54734,0.351932,0.558882,1.28186,0.248749
10,16384,3.94147,12.009,0.402705,0.775239,1.41734,0.385871
10,16384,4.20669,11.7806,0.346584,0.66081,1.34762,0.26813
10,16384,5.65498,11.8792,0.393062,0.664486,1.4099,0.274663
10,2048,0.0533715,1.68722,0.0317254,0.303017,1.08267,0.206189
10,2048,0.0621118,1.72065,0.0319442,0.305058,1.11349,0.204168
10,2048,0.0726689,1.76968,0.0328937,0.370578,1.09918,0.271654
10,20480,5.79157,18.0502,0.570262,0.81484,1.52941,0.33015
10,20480,5.9907,17.9747,0.570927,0.764336,1.54271,0.291826
10,20480,6.12463,18.0257,0.570843,0.759335,1.51737,0.284089
10,24576,7.2793,24.4857,0.761644,0.865322,1.67461,0.309724
10,24576,7.57803,24.5291,0.76267,0.87554,1.70853,0.318888
10,24576,7.74044,24.461,0.777202,0.863325,1.66816,0.308858
10,28672,10.8285,32.3278,1.00782,0.989204,1.78031,0.35151
10,28672,10.9942,32.3093,0.998855,0.967084,1.78097,0.327191
10,28672,11.6826,32.343,0.991442,1.00034,1.7866,0.362878
10,32768,13.383,41.4862,1.248,1.07619,1.92086,0.349786
10,32768,14.1688,41.4125,1.23954,1.0625,1.86583,0.342829
10,32768,14.4118,41.4034,1.253,1.06953,1.83935,0.348643
10,36864,16.0568,52.2277,1.51874,1.20073,2.02913,0.395919
10,36864,18.0988,52.2423,1.52794,1.2588,1.95859,0.423766
10,36864,19.5473,52.1681,1.526,1.16838,1.99796,0.363764
10,4096,0.213239,2.55131,0.0782873,0.357094,1.21063,0.213847
10,4096,0.231151,2.57747,0.0649495,0.351264,1.25394,0.213605
10,4096,0.243184,2.54993,0.0771375,0.360862,1.21472,0.220312
10,8192,0.791242,4.16973,0.19337,0.46614,1.14166,0.237621
10,8192,0.807438,4.17183,0.132274,0.457871,1.1393,0.230858
10,8192,1.07222,4.2544,0.190252,0.531719,1.15632,0.305568
11,1024,0.0170502,1.61079,0.0145459,0.288476,1.20918,0.208805
11,1024,0.0196095,1.60058,0.0146373,0.297141,1.19151,0.215267
11,1024,0.0227686,1.62288,0.0144819,0.296553,1.21229,0.214592
11,12288,2.43184,7.2721,0.257182,0.599645,1.48009,0.259593
11,12288,2.6501,7.24166,0.257092,0.594836,1.46012,0.256236
11,12288,2.7821,7.25797,0.256836,0.598979,1.4779,0.256341
11,16384,4.37505,11.2477,0.559338,0.811277,1.49883,0.376516
11,16384,4.66848,11.2136,0.557677,0.743708,1.51027,0.31304
11,16384,5.2771,11.2292,0.393066,0.722125,1.57203,0.291196
11,2048,0.0706629,1.91907,0.0284397,0.39498,1.24971,0.290974
11,2048,0.0802952,1.84867,0.0318186,0.321585,1.25508,0.216019
11,2048,0.0804102,1.83223,0.0289481,0.316413,1.24201,0.213357
11,20480,6.23418,16.7773,0.556624,0.810731,1.72417,0.291781
11,20480,6.83698,16.7755,0.55767,0.824835,1.70049,0.305256
11,20480,7.01573,16.8041,0.557461,0.870146,1.68934,0.350011
11,24576,7.97715,22.7824,0.748986,0.97416,1.87108,0.34864
11,24576,8.17114,22.826,0.745524,0.961649,1.88926,0.347491
11,24576,8.41445,22.7333,0.766306,0.921004,1.85169,0.309976
11,28672,11.1582,29.8966,0.981788,1.06427,1.9731,0.361331
11,28672,11.2307,29.9204,0.982711,1.06705,1.98296,0.363437
11,28672,12.5909,29.8694,0.978314,1.03246,1.97037,0.327675
11,32768,15.4973,38.3341,1.21984,1.13383,2.07541,0.339141
11,32768,16.5654,38.1178,1.22352,1.1469,2.04833,0.341549
11,32768,16.8726,38.1407,1.22234,1.13838,2.07805,0.340619
11,36864,17.997,48.2554,1.49866,1.26885,2.21924,0.364184
11,36864,18.7901,48.2014,1.48692,1.25049,2.20077,0.359676
11,36864,20.4074,48.1963,1.48951,1.25225,2.19754,0.361263
11,4096,0.270287,2.70609,0.0802205,0.413268,1.37507,0.257606
11,4096,0.29049,2.63681,0.078857,0.37349,1.35777,0.224251
11,4096,0.298115,2.69159,0.0787482,0.414535,1.36684,0.261925
11,8192,0.919967,4.43525,0.199946,0.536345,1.33818,0.287542
11,8192,1.0979,4.50346,0.206192,0.534545,1.36312,0.290516
11,8192,1.18391,4.45528,0.199477,0.485158,1.36789,0.240939
12,1024,0.0172633,1.738,0.0145078,0.309226,1.31101,0.225123
12,1024,0.0174728,1.79084,0.0146939,0.364017,1.31165,0.276826
12,1024,0.0244898,1.74315,0.0129778,0.307458,1.32126,0.22245
12,12288,2.2648,7.05048,0.256195,0.649651,1.63168,0.267149
12,12288,2.99984,7.0059,0.250683,0.63174,1.62256,0.262673
12,12288,3.18113,7.07887,0.251025,0.656632,1.64265,0.287593
12,16384,4.66953,10.7624,0.375466,0.75102,1.73852,0.282517
12,16384,5.31373,10.6985,0.395021,0.743532,1.71445,0.276395
12,16384,5.42053,10.7161,0.565831,0.756318,1.69076,0.282439
12,2048,0.0724435,2.00265,0.0289129,0.343252,1.38586,0.234627
12,2048,0.0737865,2.0039,0.0328814,0.340738,1.39267,0.231088
12,2048,0.0853408,2.04787,0.0329907,0.383514,1.38718,0.273222
12,20480,6.81333,15.9135,0.547186,0.867942,1.88637,0.301955
12,20480,7.34191,15.9131,0.545036,0.869989,1.88053,0.302973
12,20480,7.95571,15.914,0.545002,0.866409,1.87012,0.298961
12,24576,10.7032,21.2513,0.743118,0.984133,2.03069,0.308684
12,24576,10.7052,21.2517,0.72999,0.972962,2.02248,0.306342
12,24576,8.92924,21.2709,0.737793,0.979197,2.04638,0.307613
12,28672,10.9065,27.9928,0.982885,1.11869,2.17694,0.347145
12,28672,12.1116,27.9232,0.978891,1.09899,2.17372,0.326988
12,28672,13.0494,28.0634,0.981016,1.16621,2.19289,0.396369
12,32768,15.6227,35.6879,1.22014,1.28015,2.27412,0.407903
12,32768,17.4634,35.6105,1.2001,1.21236,2.25818,0.340768
12,32768,17.5269,35.6033,1.20616,1.21445,2.24738,0.342872
12,36864,19.7368,44.7351,1.46888,1.39951,2.40625,0.425754
12,36864,22.3758,44.6796,1.49724,1.35175,2.40219,0.376205
12,36864,22.5905,44.3651,1.34119,1.27101,2.16397,0.372804
12,4096,0.261662,2.78799,0.0634661,0.399865,1.53815,0.235396
12,4096,0.290617,2.83568,0.066218,0.449828,1.5448,0.28697
12,4096,0.309412,2.76025,0.0781505,0.40288,1.51355,0.235161
12,8192,1.00958,5.07415,0.223439,0.521728,1.63045,0.249202
12,8192,1.18061,5.20416,0.2145,0.608408,1.64929,0.339623
12,8192,1.46739,5.06718,0.212642,0.511342,1.63444,0.246701
13,1024,0.0177471,1.88842,0.0150183,0.332252,1.43917,0.244792
13,1024,0.0214553,1.92922,0.0129665,0.32608,1.48333,0.239133
13,1024,0.0239846,1.93241,0.0147039,0.372002,1.44294,0.28451
13,12288,2.2722,6.99552,0.254393,0.754495,1.77471,0.360165
13,12288,2.52417,6.91145,0.246571,0.677192,1.77077,0.273381
13,12288,2.7131,6.92082,0.247708,0.670531,1.78552,0.27559
13,16384,4.95369,10.3365,0.580378,0.832868,1.85276,0.325454
13,16384,5.45315,10.3247,0.383607,0.788355,1.87392,0.285279
13,16384,5.66437,10.3338,0.387233,0.80359,1.88118,0.29842
13,2048,0.0745534,2.14305,0.0322003,0.360246,1.53186,0.244255
13,2048,0.0747553,2.22587,0.0333059,0.446521,1.53286,0.332318
13,2048,0.0781094,2.08796,0.0322221,0.353288,1.49057,0.237446
13,20480,7.25942,15.1581,0.544675,0.911161,2.03771,0.297004
13,20480,8.26137,15.1075,0.54089,0.917422,2.01034,0.299401
13,20480,8.43017,15.0726,0.549125,0.908604,1.97957,0.29587
13,24576,10.0801,20.282,0.730586,1.05597,2.23249,0.330119
13,24576,9.43974,20.0812,0.660466,1.03438,2.02271,0.361418
13,24576,9.50388,20.2523,0.720587,1.04176,2.22216,0.315745
13,28672,11.4801,26.5758,0.964259,1.28499,2.40056,0.447997
13,28672,14.983,26.3139,0.961041,1.20699,2.37182,0.371917
13,28672,15.1011,26.4031,0.947819,1.17441,2.34996,0.339779
13,32768,19.4295,33.1982,1.0844,1.2191,2.30681,0.344018
13,32768,19.6602,33.4899,1.18879,1.32819,2.48558,0.381826
13,32768,21.4513,33.4384,1.18691,1.28585,2.4658,0.339883
13,36864,22.6797,42.0184,1.47558,1.42412,2.64657,0.366335
13,36864,23.074,42.0497,1.44392,1.47572,2.6239,0.41263
13,36864,24.8215,41.9756,1.45194,1.41417,2.61823,0.358607
13,4096,0.276453,2.86314,0.0813708,0.416116,1.65835,0.244692
13,4096,0.33205,2.90994,0.078587,0.463426,1.66677,0.293622
13,4096,0.335928,2.84849,0.0777407,0.413204,1.65293,0.243631
13,8192,1.15706,5.34351,0.220992,0.611806,1.8321,0.328694
13,8192,1.2986,5.29827,0.222484,0.574964,1.83008,0.292804
13,8192,1.40356,5.30974,0.216614,0.555889,1.85476,0.272982
14,1024,0.0196102,2.03533,0.0146357,0.345178,1.56877,0.25183
14,1024,0.0207826,2.01917,0.0145556,0.354634,1.54653,0.265468
14,1024,0.0234425,2.05833,0.0146478,0.338489,1.59889,0.248122
14,12288,2.86784,6.79585,0.243637,0.704638,1.91578,0.281966
14,12288,3.11133,6.81745,0.368003,0.712221,1.91508,0.284219
14,12288,3.24195,6.83272,0.251998,0.72988,1.92256,0.309403
14,16384,5.4378,10.0531,0.38979,0.836168,2.03296,0.293157
14,16384,5.9018,9.97391,0.376422,0.839637,2.00923,0.295695
14,16384,6.24585,9.98418,0.379268,0.8371,1.99714,0.29599
14,2048,0.0836622,2.28499,0.028686,0.367408,1.66449,0.245494
14,2048,0.0877511,2.27366,0.0293447,0.370019,1.6529,0.248638
14,2048,0.0966995,2.28233,0.0284442,0.366608,1.66837,0.248541
14,20480,7.53844,14.4659,0.543034,0.972925,2.19561,0.310495
14,20480,8.06623,14.5754,0.540266,1.02525,2.2162,0.364231
14,20480,8.3534,14.439,0.532402,0.967816,2.16907,0.306847
14,24576,12.9227,19.2734,0.721201,1.14366,2.43334,0.362104
14,24576,13.0145,19.2451,0.715554,1.11595,2.43265,0.33076
14,24576,9.80215,19.3176,0.727603,1.11852,2.37728,0.337981
14,28672,13.4557,25.1829,0.955603,1.26704,2.56932,0.365072
14,28672,15.6998,25.1323,0.941863,1.25848,2.54538,0.354979
14,28672,17.0744,25.1346,0.944336,1.23961,2.5549,0.335965
14,32768,19.0161,31.7712,1.18673,1.368,2.66588,0.346558
14,32768,20.5849,31.6742,1.17353,1.3762,2.67934,0.353581
14,32768,20.6732,31.5956,1.18153,1.42971,2.68917,0.402247
14,36864,24.6239,39.5907,1.44671,1.50896,2.83515,0.363569
14,36864,25.4576,39.7283,1.44479,1.49928,2.85662,0.359158
14,36864,28.1053,39.546,1.4262,1.51122,2.82658,0.368905
14,4096,0.313367,2.99904,0.0793557,0.43455,1.79781,0.25355
14,4096,0.343189,3.03698,0.0657349,0.478225,1.79635,0.300135
14,4096,0.403548,3.05688,0.0788816,0.445806,1.83468,0.255661
14,8192,1.13952,5.32848,0.219069,0.567829,2.00158,0.266746
14,8192,1.16062,5.35582,0.220371,0.573768,2.02101,0.266013
14,8192,1.32781,5.449,0.217858,0.686867,2.00508,0.386866
15,1024,0.0206163,2.17985,0.0146853,0.353612,1.70412,0.258705
15,1024,0.0223051,2.20768,0.0146161,0.354912,1.72672,0.259556
15,1024,0.02944,2.18899,0.0147441,0.352796,1.71372,0.259723
15,12288,3.4979,6.95293,0.259584,0.743038,2.10967,0.291612
15,12288,3.65371,6.94828,0.371796,0.808053,2.08563,0.35171
15,12288,3.74173,6.91094,0.256475,0.75922,2.09418,0.30841
15,16384,5.83282,9.7418,0.384599,0.900736,2.17034,0.318157
15,16384,6.7265,9.8212,0.390794,0.965964,2.19314,0.385498
15,16384,7.01665,9.77678,0.38694,0.935736,2.17571,0.355809
15,2048,0.0780219,2.4574,0.0290354,0.422831,1.78609,0.296065
15,2048,0.0934084,2.43978,0.0333339,0.389204,1.80198,0.261846
15,2048,0.0989492,2.44133,0.0312295,0.391147,1.80338,0.266759
15,20480,10.5106,13.9845,0.527771,1.02684,2.38164,0.319416
15,20480,7.59161,13.9506,0.541355,1.02935,2.35858,0.321396
15,20480,9.84106,13.9269,0.533899,1.03134,2.33712,0.323458
15,24576,11.3443,18.5079,0.719724,1.17885,2.55682,0.342144
15,24576,11.4511,18.5602,0.704453,1.17292,2.59616,0.334836
15,24576,12.9261,18.5169,0.72345,1.1657,2.56495,0.326982
15,28672,12.7903,23.8532,0.936007,1.30951,2.76414,0.343942
15,28672,16.6843,23.8369,0.938941,1.31073,2.74211,0.345764
15,28672,18.4724,23.9341,0.949717,1.41757,2.75881,0.444014
15,32768,17.2453,30.2784,1.1747,1.47718,2.95729,0.380502
15,32768,19.6071,30.2129,1.16977,1.47595,2.87321,0.378443
15,32768,20.3228,30.1983,1.16176,1.4602,2.86201,0.363374
15,36864,24.843,37.5229,1.41718,1.59761,3.07779,0.373523
15,36864,27.5599,37.4056,1.42275,1.58546,3.05086,0.362831
15,36864,29.0495,37.4934,1.4165,1.59477,3.06493,0.369856
15,4096,0.371101,3.1287,0.0656132,0.461774,1.95144,0.27044
15,4096,0.382175,3.13857,0.0772877,0.469017,1.95603,0.277071
15,4096,0.472049,3.18445,0.0667191,0.468749,1.98561,0.272128
15,8192,1.47528,5.39414,0.219882,0.601868,2.19176,0.279085
15,8192,1.50171,5.36458,0.217247,0.615096,2.15994,0.294721
15,8192,1.63585,5.42064,0.22018,0.64383,2.18784,0.323942
16,1024,0.0216672,2.34687,0.0133083,0.371722,1.86069,0.271129
16,1024,0.0279998,2.30076,0.0130182,0.365923,1.81957,0.271802
16,1024,0.0293935,2.33354,0.0129145,0.372639,1.84515,0.273566
16,12288,2.99773,7.54822,0.269963,0.781926,2.34543,0.302631
16,12288,3.89898,7.55058,0.257325,0.801744,2.3393,0.321796
16,12288,3.89982,7.65824,0.260582,0.782416,2.37871,0.302217
16,16384,7.11735,9.62866,0.573747,1.02151,2.38696,0.392647
16,16384,7.51413,9.57454,0.59751,0.962251,2.3715,0.339439
16,16384,7.9849,9.53588,0.384186,0.944682,2.35847,0.328021
16,2048,0.0860588,2.553,0.028845,0.402242,1.92793,0.272567
16,2048,0.0878161,2.56049,0.0286988,0.402271,1.93384,0.271319
16,2048,0.096603,2.58569,0.0305118,0.413666,1.94941,0.282916
16,20480,10.2241,13.3232,0.503457,1.05001,2.37502,0.333791
16,20480,11.3278,13.5139,0.530402,1.08851,2.5745,0.329772
16,20480,8.04417,13.6422,0.52684,1.09987,2.56887,0.343386
16,24576,12.6251,17.7343,0.706266,1.24139,2.74742,0.346421
16,24576,14.5516,17.8662,0.695059,1.26893,2.76687,0.37561
16,24576,16.0128,17.7651,0.709507,1.23148,2.78895,0.337566
16,28672,15.0415,22.8083,0.92857,1.41271,2.91627,0.364201
16,28672,16.3878,22.7922,0.915608,1.39386,2.90772,0.363128
16,28672,19.8254,22.8279,0.934665,1.38959,2.94561,0.356376
16,32768,17.2019,28.8692,1.17139,1.5503,3.08989,0.360235
16,32768,21.0242,28.718,1.15322,1.55714,3.07272,0.366386
16,32768,22.6248,28.7214,1.15483,1.56392,3.0688,0.388811
16,36864,28.0728,35.7107,1.41286,1.68716,3.28607,0.380577
16,36864,30.0102,35.8981,1.42427,1.6855,3.28303,0.375913
16,36864,34.4428,36.1017,1.42102,1.70961,3.34628,0.402074
16,4096,0.381742,3.25342,0.0641575,0.486402,2.11626,0.285115
16,4096,0.393234,3.23815,0.0647323,0.483592,2.09446,0.285191
16,4096,0.419358,3.31601,0.079705,0.502524,2.15024,0.296679
16,8192,1.56889,5.41508,0.181756,0.646732,2.35881,0.303061
16,8192,1.65505,5.40017,0.218819,0.646212,2.3406,0.302636
16,8192,1.77475,5.40991,0.220388,0.646744,2.34445,0.300313
